[
    {"id":1,"name":"john","gender":"male", "address":"Hyderabad","areYouAdult":"true","dateOfBirth":"22/06/2000", "bloodGroup":"A+","image":"a.jpg","file":"a.pdf"  },
    {"id":2,"name":"mike","gender":"male", "address":"Hyderabad","areYouAdult":"true","dateOfBirth":"18/06/2010", "bloodGroup":"A+","image":"a.jpg","file":"a.pdf"  },
    {"id":3,"name":"john","gender":"male", "address":"Hyderabad","areYouAdult":"true","dateOfBirth":"20/06/2001", "bloodGroup":"A+","image":"a.jpg","file":"a.pdf"  },
    {"id":4,"name":"john","gender":"male", "address":"Hyderabad","areYouAdult":"true","dateOfBirth":"12/06/2002", "bloodGroup":"A+","image":"a.jpg","file":"a.pdf"  }
  ]